id,time,sender_id,sender,type,content,file,duration
m002845,2025-07-30 22:54:25,yu,周屿,text,那件蓝色的,,
m002846,2025-07-30 22:57:13,xia,林夏,text,好看,,
m002847,2025/08/01 08:02:49,yu,周屿,text,闹钟响了三次我才起来,,
m002848,2025/08/01 08:05:47,xia,林夏,text,我听见了，隔着电话都听见了 😂,,
m002849,2025/08/01 12:40:23,xia,林夏,text,我点了那家米线,,
m002850,2025/08/01 12:41:14,yu,周屿,text,加辣了吗,,
m002851,2025/08/01 12:43:48,xia,林夏,text,微辣，你不在我不敢,,
m002852,2025/08/01 12:46:05,yu,周屿,text,哈哈哈,,
m002853,2025/08/01 19:19:05,xia,林夏,text,今天晚霞是粉色的,,
m002854,2025/08/01 19:19:36,yu,周屿,text,看到了！我也拍了,,
m002855,2025/08/01 19:21:41,xia,林夏,text,我们拍的是同一片吗,,
m002856,2025/08/01 19:24:33,yu,周屿,text,应该是,,
m002857,2025/08/01 19:24:53,yu,周屿,sticker,,,
m002858,2025/08/01 22:43:26,yu,周屿,text,今天谢谢你,,
m002859,2025/08/01 22:43:59,xia,林夏,text,谢什么,,
m002860,2025/08/01 22:46:00,yu,周屿,text,就是觉得今天有你在挺好的,,
m002861,2025/08/01 22:47:03,xia,林夏,text,以后也在,,
m002862,2025/08/02 08:31:05,yu,周屿,text,今天要开一上午的会,,
m002863,2025/08/02 08:33:01,xia,林夏,text,加油，中午记得吃饭,,
m002864,2025/08/02 08:34:32,yu,周屿,text,嗯嗯,,
m002865,2025/08/02 12:15:48,yu,周屿,text,午休被隔壁装修吵醒了,,
m002866,2025/08/02 12:16:36,xia,林夏,text,太惨了，再眯一会儿,,
m002867,2025/08/02 12:18:19,yu,周屿,text,眯不着了 😮‍💨,,
m002868,2025/08/02 15:03:36,xia,林夏,text,下午好困,,
m002869,2025/08/02 15:05:44,yu,周屿,text,喝杯咖啡,,
m002870,2025/08/02 15:07:21,xia,林夏,text,已经是第二杯了,,
m002871,2025/08/02 15:09:21,yu,周屿,text,那就站起来走两步,,
m002872,2025/08/02 15:09:51,xia,林夏,link,周末去哪儿 · 城市周边徒步路线 https://example.com/weekend-hike,,
m002873,2025/08/02 19:32:36,xia,林夏,text,今天晚霞是粉色的,,
m002874,2025/08/02 19:35:06,yu,周屿,text,看到了！我也拍了,,
m002875,2025/08/02 19:36:29,xia,林夏,text,我们拍的是同一片吗,,
m002876,2025/08/02 19:36:49,yu,周屿,text,应该是,,
bad-1,,xia,林夏,text,这一行没有时间,,
bad-2,2025-08-05 12:00:00,yu,周屿,text,多了一列,,,extra
m002877,2025/08/02 20:15:59,xia,林夏,text,我发现我们说话越来越像了,,
m002878,2025/08/02 20:17:06,yu,周屿,text,有吗,,
m002879,2025/08/02 20:19:20,xia,林夏,text,有，你刚才那句“好的好的”就是我的口头禅,,
m002880,2025/08/02 21:38:40,yu,周屿,text,我发现我们说话越来越像了,,
m002881,2025/08/02 21:41:16,xia,林夏,text,有吗,,
m002882,2025/08/02 21:42:37,yu,周屿,text,有，你刚才那句“好的好的”就是我的口头禅,,
m002883,2025/08/02 22:11:26,yu,周屿,text,晚安,,
m002884,2025/08/02 22:13:05,xia,林夏,text,晚安，明天见,,
m002885,2025/08/02 22:15:43,xia,林夏,text,好看吗,,
m002886,2025/08/02 22:15:47,xia,林夏,image,,IMG_20250802_221445.jpg,
m002887,2025/08/02 23:19:21,xia,林夏,text,今天有点累,,
m002888,2025/08/02 23:19:50,yu,周屿,text,怎么了,,
m002889,2025/08/02 23:20:56,xia,林夏,text,也没什么，就是事情很多,,
m002890,2025/08/02 23:23:30,yu,周屿,text,早点睡吧，明天再说,,
m002891,2025/08/02 23:24:30,xia,林夏,text,嗯,,
m002892,2025/08/02 23:25:07,yu,周屿,text,拍糊了,,
m002893,2025/08/02 23:25:11,yu,周屿,image,,IMG_20250802_232414.jpg,
m002894,2025/08/03 08:00:29,xia,林夏,text,醒了没,,
m002895,2025/08/03 08:01:42,yu,周屿,text,醒了，在刷牙,,
m002896,2025/08/03 08:01:53,xia,林夏,text,我地铁上睡着了差点坐过站,,
m002897,2025/08/03 08:03:54,yu,周屿,text,哈哈哈哈又是你,,
m002898,2025/08/04 22:30:39,xia,林夏,text,今天有点累,,
m002899,2025/08/04 22:33:04,yu,周屿,text,怎么了,,
m002900,2025/08/04 22:34:53,xia,林夏,text,也没什么，就是事情很多,,
m002901,2025/08/04 22:37:11,yu,周屿,text,早点睡吧，明天再说,,
m002902,2025/08/04 22:39:14,xia,林夏,text,嗯,,
m002903,2025/08/04 22:39:34,yu,周屿,sticker,,,
m002904,2025/08/05 08:06:43,xia,林夏,text,醒了没,,
m002905,2025/08/05 08:09:29,yu,周屿,text,醒了，在刷牙,,
m002906,2025/08/05 08:11:32,xia,林夏,text,我地铁上睡着了差点坐过站,,
m002907,2025/08/05 08:14:13,yu,周屿,text,哈哈哈哈又是你,,
m002908,2025/08/05 08:14:28,xia,林夏,text,笑死,,
m002909,2025/08/05 12:29:12,yu,周屿,text,我点了那家米线,,
m002910,2025/08/05 12:32:09,xia,林夏,text,加辣了吗,,
m002911,2025/08/05 12:32:28,yu,周屿,text,微辣，你不在我不敢,,
m002912,2025/08/05 12:34:45,xia,林夏,text,哈哈哈,,
m002913,2025/08/05 15:05:23,xia,林夏,text,外面的云好好看,,
m002914,2025/08/05 15:06:29,yu,周屿,text,我这边看不到，全是楼,,
m002915,2025/08/05 15:07:53,xia,林夏,text,那我替你多看两眼,,
m002916,2025/08/05 19:27:34,yu,周屿,text,下班了,,
m002917,2025/08/05 19:29:52,xia,林夏,text,我也刚出来,,
m002918,2025/08/05 19:32:18,yu,周屿,text,今天地铁人好多,,
m002919,2025/08/05 19:33:26,xia,林夏,text,我在等下一班,,
m002920,2025/08/05 22:43:12,yu,周屿,text,在干嘛,,
m002921,2025/08/05 22:43:56,xia,林夏,text,在看你推荐的那部电影,,
m002922,2025/08/05 22:46:18,yu,周屿,text,看到哪了,,
m002923,2025/08/05 22:46:43,xia,林夏,text,刚开始，别剧透,,
m002924,2025/08/05 22:48:26,yu,周屿,text,我什么都没说 🤐,,
m002925,2025/08/06 08:34:40,yu,周屿,text,今天早上的豆浆好甜,,
m002926,2025/08/06 08:35:33,xia,林夏,text,是你之前说的那家吗,,
m002927,2025/08/06 08:36:53,yu,周屿,text,对，排了十分钟队,,
m002928,2025/08/06 12:28:22,yu,周屿,text,吃完饭去楼下走了一圈，太阳好好,,
m002929,2025/08/06 12:29:14,xia,林夏,text,我也想晒太阳,,
m002930,2025/08/06 12:29:57,yu,周屿,text,周末一起去公园吧,,
m002931,2025/08/06 12:31:45,xia,林夏,text,好,,
m002932,2025/08/06 15:44:29,yu,周屿,text,你上次推荐的那本书我看完了,,
m002933,2025/08/06 15:47:04,xia,林夏,text,怎么样,,
m002934,2025/08/06 15:49:52,yu,周屿,text,结尾有点难过,,
m002935,2025/08/06 15:51:16,xia,林夏,text,我就知道你会这么说,,
m002936,2025/08/06 19:34:58,xia,林夏,text,今天晚霞是粉色的,,
m002937,2025/08/06 19:35:46,yu,周屿,text,看到了！我也拍了,,
m002938,2025/08/06 19:38:18,xia,林夏,text,我们拍的是同一片吗,,
m002939,2025/08/06 19:39:02,yu,周屿,text,应该是,,
m002940,2025/08/06 22:38:50,xia,林夏,text,今天有点累,,
m002941,2025/08/06 22:40:13,yu,周屿,text,怎么了,,
m002942,2025/08/06 22:41:26,xia,林夏,text,也没什么，就是事情很多,,
m002943,2025/08/06 22:42:36,yu,周屿,text,早点睡吧，明天再说,,
m002944,2025/08/06 22:45:24,xia,林夏,text,嗯,,
m002945,2025/08/07 08:38:28,xia,林夏,text,醒了没,,
m002946,2025/08/07 08:40:41,yu,周屿,text,醒了，在刷牙,,
m002947,2025/08/07 08:42:17,xia,林夏,text,我地铁上睡着了差点坐过站,,
m002948,2025/08/07 08:42:41,yu,周屿,text,哈哈哈哈又是你,,
m002949,2025/08/07 08:45:44,xia,林夏,text,你看,,
m002950,2025/08/07 08:45:48,xia,林夏,image,,IMG_20250807_084332.jpg,
m002951,2025/08/07 12:11:28,xia,林夏,text,吃完饭去楼下走了一圈，太阳好好,,
m002952,2025/08/07 12:12:14,yu,周屿,text,我也想晒太阳,,
m002953,2025/08/07 12:13:36,xia,林夏,text,周末一起去公园吧,,
m002954,2025/08/07 12:15:59,yu,周屿,text,好,,
m002955,2025/08/07 15:05:07,xia,林夏,text,我把周六的票买好了,,
m002956,2025/08/07 15:05:25,yu,周屿,text,几点的,,
m002957,2025/08/07 15:07:17,xia,林夏,text,下午两点半,,
m002958,2025/08/07 15:07:40,yu,周屿,text,好，那我们一点在地铁口见,,
m002959,2025/08/07 19:44:36,xia,林夏,text,晚饭做了什么,,
m002960,2025/08/07 19:46:38,yu,周屿,text,番茄牛腩，炖了一个小时,,
m002961,2025/08/07 19:48:41,xia,林夏,text,给我留点,,
m002962,2025/08/07 19:48:58,yu,周屿,text,留了一碗,,
m002963,2025/08/07 20:26:49,xia,林夏,text,帮我选一下，这两件哪个好看,,
m002964,2025/08/07 20:29:23,yu,周屿,text,左边,,
m002965,2025/08/07 20:32:17,xia,林夏,text,我也觉得,,
m002966,2025/08/07 20:34:45,yu,周屿,text,那你还问,,
m002967,2025/08/07 21:40:56,yu,周屿,text,你喜欢什么颜色的窗帘,,
m002968,2025/08/07 21:42:10,xia,林夏,text,浅一点的,,
m002969,2025/08/07 21:43:59,yu,周屿,text,米色？,,
m002970,2025/08/07 21:45:40,xia,林夏,text,可以,,
m002971,2025/08/07 22:49:35,yu,周屿,text,晚安晚安,,
m002972,2025/08/07 22:51:22,xia,林夏,text,晚安，做个好梦,,
m002973,2025/08/07 22:52:36,yu,周屿,text,你也是,,
m002974,2025/08/07 23:24:28,xia,林夏,text,明天要早起，先睡啦,,
m002975,2025/08/07 23:25:57,yu,周屿,text,好，晚安,,
m002976,2025/08/07 23:28:28,xia,林夏,text,晚安 🌙,,
m002977,2025/08/07 23:30:00,xia,林夏,text,像不像你画的那张,,
m002978,2025/08/07 23:30:04,xia,林夏,image,,IMG_20250807_232735.jpg,
m002979,2025/08/08 08:03:39,yu,周屿,text,今天早上的豆浆好甜,,
m002980,2025/08/08 08:05:16,xia,林夏,text,是你之前说的那家吗,,
m002981,2025/08/08 08:07:13,yu,周屿,text,对，排了十分钟队,,
m002982,2025/08/08 12:13:37,xia,林夏,text,你吃饭了吗,,
m002983,2025/08/08 12:16:16,yu,周屿,text,刚吃完，今天好忙,,
m002984,2025/08/08 12:18:33,xia,林夏,text,那你下午别太累,,
m002985,2025/08/08 19:23:09,yu,周屿,text,下班了,,
m002986,2025/08/08 19:24:52,xia,林夏,text,我也刚出来,,
m002987,2025/08/08 19:27:27,yu,周屿,text,今天地铁人好多,,
m002988,2025/08/08 19:27:52,xia,林夏,text,我在等下一班,,
m002989,2025/08/08 22:25:40,xia,林夏,text,刚洗完澡,,
m002990,2025/08/08 22:27:58,yu,周屿,text,头发吹干再睡,,
m002991,2025/08/08 22:28:13,xia,林夏,text,知道啦,,
m002992,2025/08/08 22:28:36,yu,周屿,text,上次你也说知道啦,,
m002993,2025/08/09 20:10:43,xia,林夏,text,你今天说的那句话我有点不舒服,,
m002994,2025/08/09 20:25:36,yu,周屿,text,哪句,,
m002995,2025/08/09 20:26:24,xia,林夏,text,就是说我总是想太多,,
m002996,2025/08/09 20:31:32,yu,周屿,text,我不是那个意思,,
m002997,2025/08/09 20:33:27,xia,林夏,text,那是什么意思,,
m002998,2025/08/09 20:40:05,yu,周屿,text,我是想说你不用一个人扛那么多,,
m002999,2025/08/09 20:41:41,yu,周屿,text,说得不好，对不起,,
m003000,2025/08/09 20:55:48,xia,林夏,text,嗯,,
m003001,2025/08/09 21:02:43,xia,林夏,text,我也有点急了,,
m003002,2025/08/09 21:03:01,yu,周屿,text,明天一起吃早饭吧,,
m003003,2025/08/09 21:05:04,xia,林夏,text,好,,
m003004,2025/08/09 23:30:26,yu,周屿,text,晚安,,
m003005,2025/08/09 23:31:22,xia,林夏,text,晚安,,
m003006,2025/08/11 22:30:35,yu,周屿,text,明天要早起，先睡啦,,
m003007,2025/08/11 22:31:23,xia,林夏,text,好，晚安,,
m003008,2025/08/11 22:32:10,yu,周屿,text,晚安 🌙,,
m003009,2025/08/12 08:44:39,xia,林夏,text,早安，昨晚睡得好吗,,
m003010,2025/08/12 08:45:21,yu,周屿,text,做了个奇怪的梦，梦见我们在超市迷路了,,
m003011,2025/08/12 08:46:05,xia,林夏,text,？？那很符合我们的方向感,,
m003012,2025/08/12 08:46:25,yu,周屿,sticker,,,
m003013,2025/08/12 12:09:50,yu,周屿,text,中午吃什么,,
m003014,2025/08/12 12:10:22,xia,林夏,text,食堂，今天有番茄炒蛋,,
m003015,2025/08/12 12:11:27,yu,周屿,text,羡慕，我这边只有沙拉,,
m003016,2025/08/12 19:13:47,xia,林夏,text,晚上想吃火锅,,
m003017,2025/08/12 19:14:29,yu,周屿,text,好啊，哪家,,
m003018,2025/08/12 19:16:36,xia,林夏,text,老地方吧,,
m003019,2025/08/12 19:16:57,yu,周屿,text,那我先去排号,,
m003020,2025/08/12 19:17:17,yu,周屿,sticker,,,
m003021,2025/08/12 22:54:09,xia,林夏,text,晚安晚安,,
m003022,2025/08/12 22:55:00,yu,周屿,text,晚安，做个好梦,,
m003023,2025/08/12 22:55:09,xia,林夏,text,你也是,,
m003024,2025/08/13 08:34:19,xia,林夏,text,今天要开一上午的会,,
m003025,2025/08/13 08:34:47,yu,周屿,text,加油，中午记得吃饭,,
m003026,2025/08/13 08:36:32,xia,林夏,text,嗯嗯,,
m003027,2025/08/13 12:26:24,yu,周屿,text,午休被隔壁装修吵醒了,,
m003028,2025/08/13 12:28:43,xia,林夏,text,太惨了，再眯一会儿,,
m003029,2025/08/13 12:31:20,yu,周屿,text,眯不着了 😮‍💨,,
m003030,2025/08/13 12:31:40,xia,林夏,sticker,,,
m003031,2025/08/13 15:45:21,xia,林夏,text,我把周六的票买好了,,
m003032,2025/08/13 15:48:21,yu,周屿,text,几点的,,
m003033,2025/08/13 15:50:13,xia,林夏,text,下午两点半,,
m003034,2025/08/13 15:52:24,yu,周屿,text,好，那我们一点在地铁口见,,
m003035,2025/08/13 19:27:22,xia,林夏,text,晚上想吃火锅,,
m003036,2025/08/13 19:28:24,yu,周屿,text,好啊，哪家,,
m003037,2025/08/13 19:31:16,xia,林夏,text,老地方吧,,
m003038,2025/08/13 19:31:54,yu,周屿,text,那我先去排号,,
m003039,2025/08/13 20:45:39,xia,林夏,text,我妈问你什么时候再来吃饭,,
m003040,2025/08/13 20:46:42,yu,周屿,text,下周末可以吗,,
m003041,2025/08/13 20:49:06,xia,林夏,text,我跟她说,,
m003042,2025/08/13 21:00:28,xia,林夏,text,我想养一盆绿植,,
m003043,2025/08/13 21:02:39,yu,周屿,text,你上次那盆……,,
m003044,2025/08/13 21:05:35,xia,林夏,text,那是意外,,
m003045,2025/08/13 21:08:20,yu,周屿,text,好的好的,,
m003046,2025/08/13 21:11:11,yu,周屿,text,我跟你说,,
m003047,2025/08/13 21:11:21,yu,周屿,voice,,voice_20250813_211121.m4a,6.0
m003048,2025/08/13 22:52:20,xia,林夏,text,明天要早起，先睡啦,,
m003049,2025/08/13 22:54:13,yu,周屿,text,好，晚安,,
m003050,2025/08/13 22:54:46,xia,林夏,text,晚安 🌙,,
m003051,2025/08/13 23:14:16,yu,周屿,text,在干嘛,,
m003052,2025/08/13 23:16:45,xia,林夏,text,在看你推荐的那部电影,,
m003053,2025/08/13 23:17:17,yu,周屿,text,看到哪了,,
m003054,2025/08/13 23:18:54,xia,林夏,text,刚开始，别剧透,,
m003055,2025/08/13 23:21:46,yu,周屿,text,我什么都没说 🤐,,
m003056,2025/08/14 07:16:01,xia,林夏,text,醒了没,,
m003057,2025/08/14 07:17:50,yu,周屿,text,醒了，在刷牙,,
m003058,2025/08/14 07:19:49,xia,林夏,text,我地铁上睡着了差点坐过站,,
m003059,2025/08/14 07:21:18,yu,周屿,text,哈哈哈哈又是你,,
m003060,2025/08/14 12:36:22,xia,林夏,text,我点了那家米线,,
m003061,2025/08/14 12:37:50,yu,周屿,text,加辣了吗,,
m003062,2025/08/14 12:39:45,xia,林夏,text,微辣，你不在我不敢,,
m003063,2025/08/14 12:40:25,yu,周屿,text,哈哈哈,,
m003064,2025/08/14 12:43:16,yu,周屿,text,我们楼下,,
m003065,2025/08/14 12:43:20,yu,周屿,image,,IMG_20250814_124031.jpg,
m003066,2025/08/14 19:05:01,xia,林夏,text,楼下新开了一家面包店,,
m003067,2025/08/14 19:05:46,yu,周屿,text,周末去试试,,
m003068,2025/08/14 19:06:52,xia,林夏,text,我已经买了一个可颂,,
m003069,2025/08/14 19:09:31,yu,周屿,text,……不等我,,
m003070,2025/08/14 19:12:19,yu,周屿,text,好看吗,,
m003071,2025/08/14 19:12:23,yu,周屿,image,,IMG_20250814_191109.jpg,
m003072,2025/08/14 20:04:17,yu,周屿,text,我妈问你什么时候再来吃饭,,
m003073,2025/08/14 20:04:42,xia,林夏,text,下周末可以吗,,
m003074,2025/08/14 20:05:32,yu,周屿,text,我跟她说,,
m003075,2025/08/14 22:26:14,yu,周屿,text,明天要早起，先睡啦,,
m003076,2025/08/14 22:26:30,xia,林夏,text,好，晚安,,
m003077,2025/08/14 22:26:46,yu,周屿,text,晚安 🌙,,
m003078,2025/08/15 08:20:39,yu,周屿,text,醒了没,,
m003079,2025/08/15 08:23:19,xia,林夏,text,醒了，在刷牙,,
m003080,2025/08/15 08:24:13,yu,周屿,text,我地铁上睡着了差点坐过站,,
m003081,2025/08/15 08:25:26,xia,林夏,text,哈哈哈哈又是你,,
m003082,2025/08/15 12:03:54,xia,林夏,text,我点了那家米线,,
m003083,2025/08/15 12:06:15,yu,周屿,text,加辣了吗,,
m003084,2025/08/15 12:07:27,xia,林夏,text,微辣，你不在我不敢,,
m003085,2025/08/15 12:08:36,yu,周屿,text,哈哈哈,,
m003086,2025/08/15 12:08:51,xia,林夏,text,笑死,,
m003087,2025/08/15 19:35:38,xia,林夏,text,下班了,,
m003088,2025/08/15 19:36:50,yu,周屿,text,我也刚出来,,
m003089,2025/08/15 19:37:27,xia,林夏,text,今天地铁人好多,,
m003090,2025/08/15 19:38:07,yu,周屿,text,我在等下一班,,
m003091,2025/08/15 19:38:27,yu,周屿,sticker,,,
m003092,2025/08/15 19:40:13,yu,周屿,text,你听,,
m003093,2025/08/15 19:40:23,yu,周屿,voice,,voice_20250815_194023.mp3,6.0
m003094,2025/08/15 20:47:12,xia,林夏,text,我发现我们说话越来越像了,,
m003095,2025/08/15 20:47:38,yu,周屿,text,有吗,,
m003096,2025/08/15 20:50:29,xia,林夏,text,有，你刚才那句“好的好的”就是我的口头禅,,
m003097,2025/08/15 22:21:10,yu,周屿,text,楼上又在拖椅子,,
m003098,2025/08/15 22:22:40,xia,林夏,text,戴耳塞,,
m003099,2025/08/15 22:25:34,yu,周屿,text,找不到了,,
m003100,2025/08/15 22:26:00,xia,林夏,text,床头柜第二个抽屉,,
m003101,2025/08/16 08:00:46,yu,周屿,text,今天要开一上午的会,,
m003102,2025/08/16 08:01:35,xia,林夏,text,加油，中午记得吃饭,,
m003103,2025/08/16 08:03:57,yu,周屿,text,嗯嗯,,
m003104,2025/08/17 07:18:12,xia,林夏,text,早,,
m003105,2025/08/17 07:20:35,yu,周屿,text,早呀，今天降温了，多穿点,,
m003106,2025/08/17 07:20:44,xia,林夏,text,收到 🫡,,
m003107,2025/08/17 12:36:05,yu,周屿,text,你吃饭了吗,,
m003108,2025/08/17 12:38:36,xia,林夏,text,刚吃完，今天好忙,,
m003109,2025/08/17 12:41:20,yu,周屿,text,那你下午别太累,,
m003110,2025/08/17 15:00:38,xia,林夏,text,今天可能要加班,,
m003111,2025/08/17 15:03:22,yu,周屿,text,大概几点,,
m003112,2025/08/17 15:03:36,xia,林夏,text,不知道，八点吧,,
m003113,2025/08/17 15:05:53,yu,周屿,text,那我先回去做饭，给你留一份,,
m003114,2025/08/17 19:19:34,xia,林夏,text,楼下新开了一家面包店,,
m003115,2025/08/17 19:21:44,yu,周屿,text,周末去试试,,
m003116,2025/08/17 19:23:35,xia,林夏,text,我已经买了一个可颂,,
m003117,2025/08/17 19:25:11,yu,周屿,text,……不等我,,
m003118,2025/08/17 22:54:41,xia,林夏,text,在干嘛,,
m003119,2025/08/17 22:56:31,yu,周屿,text,在看你推荐的那部电影,,
m003120,2025/08/17 22:57:37,xia,林夏,text,看到哪了,,
m003121,2025/08/17 22:59:55,yu,周屿,text,刚开始，别剧透,,
m003122,2025/08/17 23:01:40,xia,林夏,text,我什么都没说 🤐,,
m003123,2025/08/17 23:02:00,yu,周屿,sticker,,,
m003124,2025/08/18 08:41:07,xia,林夏,text,早安，昨晚睡得好吗,,
m003125,2025/08/18 08:42:25,yu,周屿,text,做了个奇怪的梦，梦见我们在超市迷路了,,
m003126,2025/08/18 08:45:21,xia,林夏,text,？？那很符合我们的方向感,,
m003127,2025/08/18 12:24:32,yu,周屿,text,吃完饭去楼下走了一圈，太阳好好,,
m003128,2025/08/18 12:25:58,xia,林夏,text,我也想晒太阳,,
m003129,2025/08/18 12:27:00,yu,周屿,text,周末一起去公园吧,,
m003130,2025/08/18 12:28:22,xia,林夏,text,好,,
m003131,2025/08/18 19:00:31,yu,周屿,text,楼下新开了一家面包店,,
m003132,2025/08/18 19:01:18,xia,林夏,text,周末去试试,,
m003133,2025/08/18 19:03:26,yu,周屿,text,我已经买了一个可颂,,
m003134,2025/08/18 19:03:43,xia,林夏,text,……不等我,,
m003135,2025/08/18 19:04:13,yu,周屿,link,一只猫学会了开门 https://example.com/cat-video,,
m003136,2025/08/18 20:59:40,yu,周屿,text,刚才差点哭了,,
m003137,2025/08/18 21:01:29,xia,林夏,text,怎么了,,
m003138,2025/08/18 21:02:20,yu,周屿,text,看了一个视频，一个老爷爷每天给老伴做早饭,,
m003139,2025/08/18 21:04:54,xia,林夏,text,……我也要哭了,,
m003140,2025/08/18 21:07:26,yu,周屿,text,窗外,,
m003141,2025/08/18 21:07:30,yu,周屿,image,,IMG_20250818_210646.jpg,
m003142,2025/08/18 22:13:40,yu,周屿,text,刚洗完澡,,
m003143,2025/08/18 22:13:55,xia,林夏,text,头发吹干再睡,,
m003144,2025/08/18 22:15:04,yu,周屿,text,知道啦,,
m003145,2025/08/18 22:16:53,xia,林夏,text,上次你也说知道啦,,
m003146,2025/08/19 22:30:12,yu,周屿,text,睡了吗,,
m003147,2025/08/19 22:31:50,xia,林夏,text,还没，你呢,,
m003148,2025/08/19 22:34:38,yu,周屿,text,睡不着,,
m003149,2025/08/19 22:37:24,xia,林夏,text,那聊会儿,,
m003150,2025/08/19 22:39:29,yu,周屿,text,你小时候怕黑吗,,
m003151,2025/08/19 22:40:50,xia,林夏,text,怕，一直开着走廊的灯,,
m003152,2025/08/19 22:43:50,yu,周屿,text,我也是,,
m003153,2025/08/19 22:46:12,xia,林夏,text,那我们以后家里走廊也开着灯,,
m003154,2025/08/20 08:45:21,yu,周屿,text,早,,
m003155,2025/08/20 08:46:10,xia,林夏,text,早呀，今天降温了，多穿点,,
m003156,2025/08/20 08:48:43,yu,周屿,text,收到 🫡,,
m003157,2025/08/20 12:03:41,xia,林夏,text,中午吃什么,,
m003158,2025/08/20 12:05:00,yu,周屿,text,食堂，今天有番茄炒蛋,,
m003159,2025/08/20 12:06:25,xia,林夏,text,羡慕，我这边只有沙拉,,
m003160,2025/08/20 15:48:16,xia,林夏,text,刚才看到一只橘猫在窗台上睡觉,,
m003161,2025/08/20 15:48:48,yu,周屿,text,胖吗,,
m003162,2025/08/20 15:51:25,xia,林夏,text,很圆,,
m003163,2025/08/20 15:53:39,yu,周屿,text,想摸,,
m003164,2025/08/20 19:21:47,xia,林夏,text,我到家了,,
m003165,2025/08/20 19:22:20,yu,周屿,text,好，我还有两站,,
m003166,2025/08/20 19:23:31,xia,林夏,text,路上小心,,
m003167,2025/08/20 22:15:25,xia,林夏,text,楼上又在拖椅子,,
m003168,2025/08/20 22:15:49,yu,周屿,text,戴耳塞,,
m003169,2025/08/20 22:16:21,xia,林夏,text,找不到了,,
m003170,2025/08/20 22:16:29,yu,周屿,text,床头柜第二个抽屉,,
m003171,2025/08/20 22:17:17,xia,林夏,text,路上看到的,,
m003172,2025/08/20 22:17:21,xia,林夏,image,,,
m003173,2025/08/21 07:11:03,xia,林夏,text,外面下雨了，带伞,,
m003174,2025/08/21 07:12:49,yu,周屿,text,带了带了,,
m003175,2025/08/21 07:13:44,xia,林夏,text,上次你也说带了,,
m003176,2025/08/21 07:15:08,xia,林夏,text,我们楼下,,
m003177,2025/08/21 07:15:12,xia,林夏,image,,IMG_20250821_071417.jpg,
m003178,2025/08/21 12:01:36,xia,林夏,text,同事给我带了一块蛋糕,,
m003179,2025/08/21 12:02:09,yu,周屿,text,什么味道的,,
m003180,2025/08/21 12:02:24,xia,林夏,text,抹茶的，有点苦但是好吃,,
m003181,2025/08/21 15:25:36,xia,林夏,text,这个方案又被打回来了,,
m003182,2025/08/21 15:26:05,yu,周屿,text,哪里不行,,
m003183,2025/08/21 15:28:27,xia,林夏,text,说不出来，就是感觉不对,,
m003184,2025/08/21 15:29:24,yu,周屿,text,那种反馈最难改了,,
m003185,2025/08/21 15:30:47,xia,林夏,text,对，头大,,
m003186,2025/08/21 15:31:07,yu,周屿,sticker,,,
m003187,2025/08/21 19:32:41,yu,周屿,text,今天晚霞是粉色的,,
m003188,2025/08/21 19:34:19,xia,林夏,text,看到了！我也拍了,,
m003189,2025/08/21 19:35:30,yu,周屿,text,我们拍的是同一片吗,,
m003190,2025/08/21 19:36:30,xia,林夏,text,应该是,,
m003191,2025/08/21 19:36:35,yu,周屿,system,对方撤回了一条消息,,
m003192,2025/08/21 19:39:25,xia,林夏,text,等一下我说给你听,,
m003193,2025/08/21 19:39:35,xia,林夏,voice,,voice_20250821_193935.m4a,11.0
m003194,2025/08/21 20:14:03,yu,周屿,text,好想出去玩,,
m003195,2025/08/21 20:15:48,xia,林夏,text,五一去海边吧,,
m003196,2025/08/21 20:18:06,yu,周屿,text,真的吗,,
m003197,2025/08/21 20:20:20,xia,林夏,text,真的，我查一下票,,
m003198,2025/08/21 22:14:54,yu,周屿,text,今天谢谢你,,
m003199,2025/08/21 22:16:22,xia,林夏,text,谢什么,,
m003200,2025/08/21 22:17:18,yu,周屿,text,就是觉得今天有你在挺好的,,
m003201,2025/08/21 22:17:54,xia,林夏,text,以后也在,,
m003202,2025/08/22 08:21:29,xia,林夏,text,闹钟响了三次我才起来,,
m003203,2025/08/22 08:22:21,yu,周屿,text,我听见了，隔着电话都听见了 😂,,
m003204,2025/08/22 12:04:41,yu,周屿,text,我点了那家米线,,
m003205,2025/08/22 12:06:25,xia,林夏,text,加辣了吗,,
m003206,2025/08/22 12:09:06,yu,周屿,text,微辣，你不在我不敢,,
m003207,2025/08/22 12:11:20,xia,林夏,text,哈哈哈,,
m003208,2025/08/22 12:12:27,yu,周屿,text,我们楼下,,
m003209,2025/08/22 12:12:31,yu,周屿,image,,IMG_20250822_121154.jpg,
m003210,2025/08/22 15:41:44,xia,林夏,text,你上次推荐的那本书我看完了,,
m003211,2025/08/22 15:44:26,yu,周屿,text,怎么样,,
m003212,2025/08/22 15:46:42,xia,林夏,text,结尾有点难过,,
m003213,2025/08/22 15:48:55,yu,周屿,text,我就知道你会这么说,,
m003214,2025/08/22 19:12:43,xia,林夏,text,楼下新开了一家面包店,,
m003215,2025/08/22 19:13:18,yu,周屿,text,周末去试试,,
m003216,2025/08/22 19:13:27,xia,林夏,text,我已经买了一个可颂,,
m003217,2025/08/22 19:14:54,yu,周屿,text,……不等我,,
m003218,2025/08/22 19:15:51,yu,周屿,text,随手拍的,,
m003219,2025/08/22 19:15:55,yu,周屿,image,,IMG_20250822_191523.jpg,
m003220,2025/08/22 20:34:40,yu,周屿,text,你喜欢什么颜色的窗帘,,
m003221,2025/08/22 20:35:42,xia,林夏,text,浅一点的,,
m003222,2025/08/22 20:38:24,yu,周屿,text,米色？,,
m003223,2025/08/22 20:39:41,xia,林夏,text,可以,,
m003224,2025/08/22 20:39:56,yu,周屿,text,😂😂😂,,
m003225,2025/08/22 21:26:01,xia,林夏,text,刚才差点哭了,,
m003226,2025/08/22 21:26:22,yu,周屿,text,怎么了,,
m003227,2025/08/22 21:27:44,xia,林夏,text,看了一个视频，一个老爷爷每天给老伴做早饭,,
m003228,2025/08/22 21:30:01,yu,周屿,text,……我也要哭了,,
m003229,2025/08/22 22:28:00,yu,周屿,text,睡了吗,,
m003230,2025/08/22 22:30:02,xia,林夏,text,还没，你呢,,
m003231,2025/08/22 22:31:20,yu,周屿,text,睡不着,,
m003232,2025/08/22 22:33:26,xia,林夏,text,那聊会儿,,
m003233,2025/08/22 22:33:35,yu,周屿,text,你小时候怕黑吗,,
m003234,2025/08/22 22:36:17,xia,林夏,text,怕，一直开着走廊的灯,,
m003235,2025/08/22 22:38:09,yu,周屿,text,我也是,,
m003236,2025/08/22 22:38:31,xia,林夏,text,那我们以后家里走廊也开着灯,,
m003237,2025/08/22 23:00:25,xia,林夏,text,明天要早起，先睡啦,,
m003238,2025/08/22 23:02:54,yu,周屿,text,好，晚安,,
m003239,2025/08/22 23:03:10,xia,林夏,text,晚安 🌙,,
m003240,2025/08/22 23:03:25,yu,周屿,text,笑死,,
m003241,2025/08/24 07:03:50,yu,周屿,text,早,,
m003242,2025/08/24 07:04:25,xia,林夏,text,早呀，今天降温了，多穿点,,
m003243,2025/08/24 07:07:03,yu,周屿,text,收到 🫡,,
m003244,2025/08/24 12:03:45,yu,周屿,text,同事给我带了一块蛋糕,,
m003245,2025/08/24 12:04:11,xia,林夏,text,什么味道的,,
m003246,2025/08/24 12:06:34,yu,周屿,text,抹茶的，有点苦但是好吃,,
m003247,2025/08/24 19:47:25,yu,周屿,text,晚饭做了什么,,
m003248,2025/08/24 19:48:14,xia,林夏,text,番茄牛腩，炖了一个小时,,
m003249,2025/08/24 19:50:46,yu,周屿,text,给我留点,,
m003250,2025/08/24 19:52:35,xia,林夏,text,留了一碗,,
m003251,2025/08/24 22:10:03,yu,周屿,text,我把明天的衣服挑好了,,
m003252,2025/08/24 22:12:42,xia,林夏,text,哪件,,
m003253,2025/08/24 22:14:38,yu,周屿,text,那件蓝色的,,
m003254,2025/08/24 22:16:39,xia,林夏,text,好看,,
m003255,2025/08/25 08:00:30,xia,林夏,text,醒了没,,
m003256,2025/08/25 08:00:56,yu,周屿,text,醒了，在刷牙,,
m003257,2025/08/25 08:02:27,xia,林夏,text,我地铁上睡着了差点坐过站,,
m003258,2025/08/25 08:03:11,yu,周屿,text,哈哈哈哈又是你,,
m003259,2025/08/26 07:28:07,yu,周屿,text,醒了没,,
m003260,2025/08/26 07:30:06,xia,林夏,text,醒了，在刷牙,,
m003261,2025/08/26 07:32:23,yu,周屿,text,我地铁上睡着了差点坐过站,,
m003262,2025/08/26 07:33:19,xia,林夏,text,哈哈哈哈又是你,,
m003263,2025/08/26 12:22:25,xia,林夏,text,吃完饭去楼下走了一圈，太阳好好,,
m003264,2025/08/26 12:24:51,yu,周屿,text,我也想晒太阳,,
m003265,2025/08/26 12:25:54,xia,林夏,text,周末一起去公园吧,,
m003266,2025/08/26 12:27:31,yu,周屿,text,好,,
m003267,2025/08/26 15:16:37,xia,林夏,text,这个方案又被打回来了,,
m003268,2025/08/26 15:16:48,yu,周屿,text,哪里不行,,
m003269,2025/08/26 15:17:30,xia,林夏,text,说不出来，就是感觉不对,,
m003270,2025/08/26 15:19:01,yu,周屿,text,那种反馈最难改了,,
m003271,2025/08/26 15:21:31,xia,林夏,text,对，头大,,
m003272,2025/08/26 19:21:08,xia,林夏,text,楼下新开了一家面包店,,
m003273,2025/08/26 19:22:01,yu,周屿,text,周末去试试,,
m003274,2025/08/26 19:25:01,xia,林夏,text,我已经买了一个可颂,,
m003275,2025/08/26 19:26:44,yu,周屿,text,……不等我,,
m003276,2025/08/26 20:33:42,xia,林夏,text,我妈问你什么时候再来吃饭,,
m003277,2025/08/26 20:35:11,yu,周屿,text,下周末可以吗,,
m003278,2025/08/26 20:37:48,xia,林夏,text,我跟她说,,
m003279,2025/08/26 21:45:49,yu,周屿,text,周末有什么安排吗,,
m003280,2025/08/26 21:48:08,xia,林夏,text,暂时没有,,
m003281,2025/08/26 21:48:28,yu,周屿,text,那去看展吧,,
m003282,2025/08/26 21:50:59,xia,林夏,text,好，你订票,,
m003283,2025/08/26 21:53:44,xia,林夏,text,像不像你画的那张,,
m003284,2025/08/26 21:53:48,xia,林夏,image,,33f17cddcd.jpg,
m003285,2025/08/26 22:43:01,xia,林夏,text,楼上又在拖椅子,,
m003286,2025/08/26 22:44:13,yu,周屿,text,戴耳塞,,
m003287,2025/08/26 22:45:21,xia,林夏,text,找不到了,,
m003288,2025/08/26 22:47:40,yu,周屿,text,床头柜第二个抽屉,,
m003289,2025/08/26 22:50:39,xia,林夏,text,我们楼下,,
m003290,2025/08/26 22:50:43,xia,林夏,image,,IMG_20250826_224804.jpg,
m003291,2025/08/26 23:28:53,yu,周屿,text,晚安,,
m003292,2025/08/26 23:29:20,xia,林夏,text,晚安，明天见,,
m003293,2025/08/27 07:38:27,xia,林夏,text,早安，昨晚睡得好吗,,
m003294,2025/08/27 07:40:14,yu,周屿,text,做了个奇怪的梦，梦见我们在超市迷路了,,
m003295,2025/08/27 07:40:46,xia,林夏,text,？？那很符合我们的方向感,,
m003296,2025/08/27 12:09:29,yu,周屿,text,你吃饭了吗,,
m003297,2025/08/27 12:10:30,xia,林夏,text,刚吃完，今天好忙,,
m003298,2025/08/27 12:10:49,yu,周屿,text,那你下午别太累,,
m003299,2025/08/27 12:13:06,xia,林夏,text,我们楼下,,
m003300,2025/08/27 12:13:10,xia,林夏,image,,IMG_20250827_120949.jpg,
m003301,2025/08/27 15:07:29,xia,林夏,text,外面的云好好看,,
m003302,2025/08/27 15:08:50,yu,周屿,text,我这边看不到，全是楼,,
m003303,2025/08/27 15:09:51,xia,林夏,text,那我替你多看两眼,,
m003304,2025/08/27 19:33:47,xia,林夏,text,今天晚霞是粉色的,,
m003305,2025/08/27 19:34:22,yu,周屿,text,看到了！我也拍了,,
m003306,2025/08/27 19:34:37,xia,林夏,text,我们拍的是同一片吗,,
m003307,2025/08/27 19:34:53,yu,周屿,text,应该是,,
m003308,2025/08/27 20:28:12,yu,周屿,text,今天路过我们第一次吃饭的那家店,,
m003309,2025/08/27 20:31:12,xia,林夏,text,还开着吗,,
m003310,2025/08/27 20:31:49,yu,周屿,text,开着，换了招牌,,
m003311,2025/08/27 20:32:30,xia,林夏,text,下次再去一次,,
m003312,2025/08/27 22:31:30,yu,周屿,text,晚安晚安,,
m003313,2025/08/27 22:34:27,xia,林夏,text,晚安，做个好梦,,
m003314,2025/08/27 22:35:10,yu,周屿,text,你也是,,
m003315,2025/08/28 07:10:39,yu,周屿,text,闹钟响了三次我才起来,,
m003316,2025/08/28 07:11:50,xia,林夏,text,我听见了，隔着电话都听见了 😂,,
m003317,2025/08/28 12:27:50,yu,周屿,text,中午吃什么,,
m003318,2025/08/28 12:30:31,xia,林夏,text,食堂，今天有番茄炒蛋,,
m003319,2025/08/28 12:31:46,yu,周屿,text,羡慕，我这边只有沙拉,,
m003320,2025/08/28 19:30:33,xia,林夏,text,今天晚霞是粉色的,,
m003321,2025/08/28 19:33:22,yu,周屿,text,看到了！我也拍了,,
m003322,2025/08/28 19:33:42,xia,林夏,text,我们拍的是同一片吗,,
m003323,2025/08/28 19:36:16,yu,周屿,text,应该是,,
m003324,2025/08/28 20:06:32,xia,林夏,text,你看这个,,
m003325,2025/08/28 20:08:05,yu,周屿,text,哈哈哈哈哈哈哈,,
m003326,2025/08/28 20:10:46,xia,林夏,text,是不是很像你,,
m003327,2025/08/28 20:12:32,yu,周屿,text,打字太慢了,,
m003328,2025/08/28 20:12:42,yu,周屿,voice,,voice_20250828_201242.m4a,11.0
m003329,2025/08/28 22:35:39,yu,周屿,text,睡了吗,,
m003330,2025/08/28 22:36:01,xia,林夏,text,还没，你呢,,
m003331,2025/08/28 22:38:29,yu,周屿,text,睡不着,,
m003332,2025/08/28 22:41:02,xia,林夏,text,那聊会儿,,
m003333,2025/08/28 22:42:08,yu,周屿,text,你小时候怕黑吗,,
m003334,2025/08/28 22:43:10,xia,林夏,text,怕，一直开着走廊的灯,,
m003335,2025/08/28 22:45:24,yu,周屿,text,我也是,,
m003336,2025/08/28 22:46:19,xia,林夏,text,那我们以后家里走廊也开着灯,,
m003337,2025/08/29 07:35:29,xia,林夏,text,闹钟响了三次我才起来,,
m003338,2025/08/29 07:37:51,yu,周屿,text,我听见了，隔着电话都听见了 😂,,
m003339,2025/08/29 12:34:12,yu,周屿,text,吃完饭去楼下走了一圈，太阳好好,,
m003340,2025/08/29 12:35:24,xia,林夏,text,我也想晒太阳,,
m003341,2025/08/29 12:37:54,yu,周屿,text,周末一起去公园吧,,
m003342,2025/08/29 12:38:13,xia,林夏,text,好,,
m003343,2025/08/29 12:38:33,xia,林夏,sticker,,,
m003344,2025/08/29 19:32:51,yu,周屿,text,我到家了,,
m003345,2025/08/29 19:35:48,xia,林夏,text,好，我还有两站,,
m003346,2025/08/29 19:37:21,yu,周屿,text,路上小心,,
m003347,2025/08/29 22:13:25,yu,周屿,text,晚安,,
m003348,2025/08/29 22:13:53,xia,林夏,text,晚安，明天见,,
m003349,2025/08/30 07:09:53,yu,周屿,text,今天早上的豆浆好甜,,
m003350,2025/08/30 07:11:42,xia,林夏,text,是你之前说的那家吗,,
m003351,2025/08/30 07:14:19,yu,周屿,text,对，排了十分钟队,,
m003352,2025/08/30 07:17:10,xia,林夏,text,给你看这个,,
m003353,2025/08/30 07:17:14,xia,林夏,image,,IMG_20250830_071433.jpg,
m003354,2025/08/30 12:09:42,yu,周屿,text,同事给我带了一块蛋糕,,
m003355,2025/08/30 12:10:18,xia,林夏,text,什么味道的,,
m003356,2025/08/30 12:12:50,yu,周屿,text,抹茶的，有点苦但是好吃,,
m003357,2025/08/30 15:21:14,yu,周屿,text,你上次推荐的那本书我看完了,,
m003358,2025/08/30 15:22:15,xia,林夏,text,怎么样,,
m003359,2025/08/30 15:23:19,yu,周屿,text,结尾有点难过,,
m003360,2025/08/30 15:23:56,xia,林夏,text,我就知道你会这么说,,
m003361,2025/08/30 15:24:11,yu,周屿,text,hhhh,,
m003362,2025/08/30 15:25:00,yu,周屿,text,你看,,
m003363,2025/08/30 15:25:04,yu,周屿,image,,IMG_20250830_152425.jpg,
m003364,2025/08/30 15:27:03,yu,周屿,text,你听,,
m003365,2025/08/30 15:27:13,yu,周屿,voice,,voice_20250830_152713.m4a,6.0
m003366,2025/08/30 19:36:43,xia,林夏,text,晚饭做了什么,,
m003367,2025/08/30 19:37:10,yu,周屿,text,番茄牛腩，炖了一个小时,,
m003368,2025/08/30 19:39:54,xia,林夏,text,给我留点,,
m003369,2025/08/30 19:42:26,yu,周屿,text,留了一碗,,
m003370,2025/08/30 19:43:42,xia,林夏,text,打字太慢了,,
m003371,2025/08/30 19:43:52,xia,林夏,voice,,voice_20250830_194352.m4a,8.0
m003372,2025/08/30 20:12:42,xia,林夏,text,你喜欢什么颜色的窗帘,,
m003373,2025/08/30 20:15:15,yu,周屿,text,浅一点的,,
m003374,2025/08/30 20:16:11,xia,林夏,text,米色？,,
m003375,2025/08/30 20:17:56,yu,周屿,text,可以,,
m003376,2025/08/30 20:18:11,xia,林夏,text,哈哈哈哈哈哈哈,,
m003377,2025/08/30 22:34:02,xia,林夏,text,晚安晚安,,
m003378,2025/08/30 22:36:36,yu,周屿,text,晚安，做个好梦,,
m003379,2025/08/30 22:39:27,xia,林夏,text,你也是,,
m003380,2025/08/31 08:02:46,xia,林夏,text,早,,
m003381,2025/08/31 08:03:49,yu,周屿,text,早呀，今天降温了，多穿点,,
m003382,2025/08/31 08:05:56,xia,林夏,text,收到 🫡,,
m003383,2025/08/31 12:24:17,xia,林夏,text,午休被隔壁装修吵醒了,,
m003384,2025/08/31 12:26:06,yu,周屿,text,太惨了，再眯一会儿,,
m003385,2025/08/31 12:26:53,xia,林夏,text,眯不着了 😮‍💨,,
m003386,2025/08/31 15:00:29,yu,周屿,text,下午好困,,
m003387,2025/08/31 15:01:06,xia,林夏,text,喝杯咖啡,,
m003388,2025/08/31 15:01:43,yu,周屿,text,已经是第二杯了,,
m003389,2025/08/31 15:03:39,xia,林夏,text,那就站起来走两步,,
m003390,2025/08/31 19:30:51,yu,周屿,text,下班了,,
m003391,2025/08/31 19:31:02,xia,林夏,text,我也刚出来,,
m003392,2025/08/31 19:33:50,yu,周屿,text,今天地铁人好多,,
m003393,2025/08/31 19:36:30,xia,林夏,text,我在等下一班,,
m003394,2025/08/31 20:30:09,xia,林夏,text,好想出去玩,,
m003395,2025/08/31 20:30:29,yu,周屿,text,五一去海边吧,,
m003396,2025/08/31 20:32:46,xia,林夏,text,真的吗,,
m003397,2025/08/31 20:35:29,yu,周屿,text,真的，我查一下票,,
m003398,2025/08/31 21:30:35,xia,林夏,text,好想出去玩,,
m003399,2025/08/31 21:31:44,yu,周屿,text,五一去海边吧,,
m003400,2025/08/31 21:34:42,xia,林夏,text,真的吗,,
m003401,2025/08/31 21:34:58,yu,周屿,text,真的，我查一下票,,
m003402,2025/08/31 21:35:45,yu,周屿,text,新买的杯子,,
m003403,2025/08/31 21:35:49,yu,周屿,image,,IMG_20250831_213318.jpg,
m003404,2025/08/31 22:51:54,yu,周屿,text,今天谢谢你,,
m003405,2025/08/31 22:52:45,xia,林夏,text,谢什么,,
m003406,2025/08/31 22:54:09,yu,周屿,text,就是觉得今天有你在挺好的,,
m003407,2025/08/31 22:55:12,xia,林夏,text,以后也在,,
m003408,2025/08/31 22:58:22,yu,周屿,text,像不像你画的那张,,
m003409,2025/08/31 22:58:26,yu,周屿,image,,,
m003410,2025/08/31 23:29:49,xia,林夏,text,晚安晚安,,
m003411,2025/08/31 23:32:04,yu,周屿,text,晚安，做个好梦,,
m003412,2025/08/31 23:32:36,xia,林夏,text,你也是,,
